"SNP","CHROM","POS","A1","A2","MAF","Effect","SE","Plant.height.FarmCPU"
"id1017375",1,29384858,"C","T",0.237597911227154,8.81977350440073,1.20401223294188,0.00000000000000463919036898274
"id1024159",1,38111539,"A","G",0.0783289817232376,-10.3231086552353,1.37444122656738,0.00000000000000331311156666131
"id2016112",2,35246271,"G","C",0.0417754569190601,-8.15591466559497,1.62493756510175,0.0000000222154738601906
"id3000576",3,987740,"T","G",0.227154046997389,3.97844868116372,1.02376458100263,0.00000112638881418535
"id3004281",3,7996008,"G","C",0.214099216710183,5.43841482844597,1.19258316204013,0.00000000657215766505227
"id5002389",5,4586509,"G","A",0.365535248041775,11.1839132731375,1.49770632454611,0.000000000000000202833528959995
"ud10000806",10,13085333,"C","T",0.472584856396867,-3.87703309423061,0.757912805205106,0.00000000409602760635314
"id12000342",12,879162,"C","T",0.0913838120104439,-6.70666770563692,1.32817895335327,0.0000000137017910960037
