"SNP","CHROM","POS","A1","A2","MAF","Effect","SE","Plant.height.MLM"
"id1024159",1,38111539,"A","G",0.0783289817232376,-13.0956619385374,2.59817238575372,0.000000719653510115746
